Designator,Mid X,Mid Y,Rotation,Layer
12V_1,207.11,38.79,0.0,bottom
3V3_1,216.9,38.79,0.0,bottom
5V1,212.3,38.79,0.0,bottom
B1,101.899791,74.563502,90.0,bottom
C1,140.35,73.2,180.0,bottom
C10,81.687,47.33,180.0,bottom
C11,121.55,54.3,270.0,top
C12,121.55,39.7,270.0,top
C13,127.0,39.7,90.0,top
C14,127.0,54.3,90.0,top
C15,142.0,54.3,270.0,top
C16,142.0,39.7,270.0,top
C17,145.8,39.7,270.0,top
C18,145.8,54.3,270.0,top
C19,118.125,92.4,180.0,top
C2,143.15,76.35,270.0,bottom
C21,81.725,57.85,180.0,bottom
C22,132.5,54.3,270.0,top
C23,132.5,39.7,270.0,top
C24,138.0,54.325,90.0,top
C25,138.0,39.7,90.0,top
C26,149.6,39.7,270.0,top
C27,149.6,54.3,270.0,top
C28,153.4,39.7,270.0,top
C29,153.4,54.3,270.0,top
C3,144.8,74.225,90.0,bottom
C30,135.8,83.75,270.0,top
C32,106.7,88.52,90.0,bottom
C33,234.6,87.8,0.0,bottom
C34,234.593097,66.923731,0.0,bottom
C35,240.543097,66.999999,0.0,bottom
C36,246.493097,67.049999,0.0,bottom
C37,137.0,112.0,90.0,bottom
C38,213.725,62.440387,180.0,bottom
C39,213.725,51.140387,180.0,bottom
C4,147.3,74.225,90.0,bottom
C40,213.725,53.4,180.0,bottom
C41,213.725,55.659613,180.0,bottom
C42,213.725,57.919226,180.0,bottom
C43,192.65,66.74,270.0,bottom
C44,178.65,49.675,270.0,bottom
C45,201.225,47.065387,180.0,bottom
C46,201.115,55.340387,270.0,bottom
C47,170.36,47.55,90.0,bottom
C48,150.95,81.875,270.0,bottom
C49,197.12175,49.640387,90.0,bottom
C5,125.35,73.3,0.0,bottom
C50,204.525,55.340387,270.0,bottom
C51,209.825,55.640387,270.0,bottom
C52,194.825,49.640387,90.0,bottom
C53,192.525,49.640387,90.0,bottom
C54,190.225,49.640387,90.0,bottom
C55,187.925,49.640387,90.0,bottom
C56,185.625,49.640387,90.0,bottom
C57,208.065,52.440387,270.0,bottom
C58,152.65,81.875,270.0,bottom
C59,129.3,97.35,270.0,bottom
C6,98.65,47.8,180.0,bottom
C60,131.0,97.35,270.0,bottom
C61,134.1,85.4,270.0,top
C62,146.85,93.0,90.0,top
C63,145.25,93.0,90.0,top
C64,136.45,94.35,180.0,top
C65,132.8,82.75,180.0,top
C66,136.15,92.4,180.0,top
C67,142.275,65.225,0.0,top
C68,240.55,87.8,0.0,bottom
C69,246.525,87.8,0.0,bottom
C7,108.1,50.55,0.0,bottom
C70,136.7,88.15,0.0,top
C71,136.7,86.5,180.0,top
C72,145.25,82.65,0.0,top
C73,141.55,83.95,270.0,top
C74,228.35,92.7,270.0,top
C75,169.6,71.0795,0.0,bottom
C76,162.294,71.0795,0.0,bottom
C77,176.7,71.0795,0.0,bottom
C78,183.895,71.0495,0.0,bottom
C8,141.2,89.25,180.0,top
C9,195.45,66.99,90.0,bottom
CANRX_1,101.65,52.8,0.0,bottom
CANTX_1,94.35,52.8,0.0,bottom
CN1,140.4,46.85,180.0,bottom
CN2,62.05,74.592916,270.0,top
D1,111.8,47.2,0.0,top
D10,181.8,49.35,270.0,bottom
D11,239.8,85.1,270.0,bottom
D12,245.75,85.1,270.0,bottom
D2,81.8,40.15,270.0,top
D3,81.8,65.45004,90.0,top
D4,95.17,90.14,90.0,bottom
D5,245.743097,64.349999,270.0,bottom
D6,146.25,64.275,270.0,top
D7,239.793097,64.299999,270.0,bottom
D8,233.843097,64.223731,270.0,bottom
D9,233.85,85.1,270.0,bottom
DISPPWM1,53.35,75.35,0.0,bottom
GND1,221.97,38.79,0.0,bottom
H1,173.012736,105.85,0.0,bottom
H3,192.262736,105.85,0.0,bottom
I2CSCL_1,129.25,112.25,0.0,bottom
I2CSDA_1,122.25,112.25,0.0,bottom
JP1,237.3075,69.5,90.0,top
JP2,237.25,64.3,90.0,top
JP3,111.75,41.8,180.0,bottom
L1,130.2,93.25,270.0,bottom
L2,137.8,83.65,270.0,top
L3,210.775,46.540387,180.0,bottom
Q2,55.35,62.5,270.0,top
Q3,174.604526,50.502413,270.0,bottom
R1,55.4,67.2,0.0,top
R10,128.7,54.3,90.0,top
R11,82.425,92.575,0.0,top
R13,185.62,53.06,270.0,bottom
R16,80.0,91.775,270.0,top
R19,80.0,96.175,270.0,top
R2,55.35,85.85,270.0,bottom
R20,80.0,99.675,90.0,top
R21,80.0,88.025,90.0,top
R22,82.425,96.9,180.0,top
R23,82.425,100.475,0.0,top
R24,82.425,88.825,180.0,top
R27,161.6,76.4495,90.0,top
R28,143.7,54.3,90.0,top
R29,161.6,79.6495,90.0,top
R3,55.4,65.55,0.0,top
R30,143.7,39.7,270.0,top
R31,164.2,76.4495,90.0,top
R32,164.2,79.6495,270.0,top
R33,147.5,39.7,270.0,top
R34,147.5,54.3,90.0,top
R35,168.8,76.4495,90.0,top
R36,171.4,76.4495,90.0,top
R37,171.4,79.6495,270.0,top
R38,168.8,79.6495,90.0,top
R39,117.415,85.83,270.0,bottom
R4,125.35,68.95,0.0,bottom
R40,119.465,98.08,0.0,bottom
R41,119.965,85.83,90.0,bottom
R42,134.2,39.7,270.0,top
R43,134.2,54.3,270.0,top
R44,130.8,54.3,90.0,top
R45,82.425,77.475,0.0,top
R46,130.8,39.7,90.0,top
R47,82.425,85.1,180.0,top
R48,80.0,76.725,270.0,top
R49,80.0,84.3,270.0,top
R50,80.0,80.625,90.0,top
R51,80.0,72.625,90.0,top
R52,82.425,81.325,0.0,top
R53,82.425,73.325,180.0,top
R54,136.3,39.7,270.0,top
R55,136.3,54.3,270.0,top
R56,139.7,39.7,90.0,top
R57,139.7,54.3,90.0,top
R58,151.3,39.7,270.0,top
R59,151.3,54.3,90.0,top
R6,123.2,39.7,270.0,top
R60,155.1,39.7,270.0,top
R61,155.1,54.3,90.0,top
R62,176.0,76.4495,90.0,top
R63,178.6,76.4495,90.0,top
R64,183.2,76.4495,90.0,top
R65,185.8,76.4495,90.0,top
R66,178.6,79.6495,270.0,top
R67,185.8,79.6495,270.0,top
R68,176.0,79.6495,90.0,top
R69,183.2,79.6495,90.0,top
R7,108.25,41.75,180.0,bottom
R70,108.3,84.5,90.0,bottom
R71,246.493097,61.599999,180.0,bottom
R72,240.543097,61.549999,180.0,bottom
R73,234.593097,61.473731,180.0,bottom
R74,234.6,82.35,180.0,bottom
R75,247.493097,64.349999,90.0,bottom
R76,241.543097,64.299999,90.0,bottom
R77,235.593097,64.223731,90.0,bottom
R78,235.6,85.1,90.0,bottom
R79,144.45,113.75,180.0,bottom
R8,123.2,54.3,270.0,top
R80,144.45,112.0,180.0,bottom
R81,144.45,110.25,180.0,bottom
R82,135.2,112.0,90.0,bottom
R83,176.9,48.05,270.0,bottom
R84,208.065,55.610387,90.0,bottom
R85,202.825,55.340387,90.0,bottom
R86,206.225,55.340387,90.0,bottom
R87,185.63,56.25,90.0,bottom
R88,241.55,85.1,90.0,bottom
R89,247.5,85.1,90.0,bottom
R9,128.7,39.7,90.0,top
R90,240.55,82.35,180.0,bottom
R91,246.5,82.35,180.0,bottom
SPICS2_1,94.575,103.75,0.0,bottom
SPIMISO_1,115.85,103.75,0.0,bottom
SPIMOSI_1,108.65,103.75,0.0,bottom
SPISCK_1,101.6,103.75,0.0,bottom
SW1,243.5,50.4,180.0,top
SW2,130.5,71.0,180.0,bottom
SW3,243.5,99.0,0.0,top
SW4,101.798,90.55,180.0,bottom
U1,140.575,88.45,0.0,bottom
U10,118.05,92.3,0.0,bottom
U11,81.8,57.85,90.0,top
U12,176.694,71.0795,0.0,top
U13,183.895,71.0795,0.0,top
U14,140.5,112.0,0.0,top
U16,204.595,47.060387,180.0,bottom
U3,104.3,47.19625,90.0,bottom
U4,201.0,66.97,90.0,bottom
U5,203.225,50.890387,90.0,bottom
U6,81.8,47.34,90.0,top
U7,140.3,86.45,180.0,top
U8,162.294,71.0795,0.0,top
U9,169.495,71.0795,0.0,top
VR3,243.5,76.028,0.0,top
X1,140.4,76.3,270.0,bottom
X2,146.03,76.956287,0.0,bottom
